1,,
6,,
8,,
10,,
11,,
13,,
16,,
18,,
21,,
22,,
24,,
25,,
27,,
28,,
30,,
31,,
32,,
35,,
36,,
37,,
40,,
42,,
45,,
48,,
50,,
56,,
59,,
62,,
63,,
66,,
69,,
72,,
73,,
74,,
75,,
76,,
81,,
85,,
86,,
87,,
90,,
91,,
92,,
94,,
97,,
98,,
99,,
101,,
103,,
104,,
105,,
106,,
108,,
109,,
111,,
113,,
115,,
116,,
117,,
121,,
123,,
124,,
126,,
127,,
120,7,
78,13,
39,14,
119,16,
53,24,
29,28,
34,33,
49,40,
15,51,
93,53,
96,53,
47,59,
65,64,
52,68,
7,73,
44,74,
88,74,
125,85,
70,103,
102,103,
100,106,
17,110,
83,114,
80,120,
43,126,
84,128,
57,"102, 110, 85, 93",
38,"104, 37",
60,"106, 116",
122,"110, 74, 79, 85",
3,"111, 32, 74",
112,"112, 87",
118,"119, 16",
20,"122, 119, 79, 21",
4,"17, 104, 99",
89,"18, 105",
26,"24, 119",
71,"24, 85, 93",
5,"25, 37",
67,"26, 101, 53",
61,"31, 100, 78, 119, 123",
55,"35, 46, 93, 120, 124",
2,"40, 49",
77,"40, 49",
110,"42, 85",
114,"46, 103",
33,"56, 68",
23,"57, 26",
128,"6, 53",
64,"6, 82, 90",
51,"68, 52",
95,"71, 39",
9,"72, 84",
14,"74, 111",
41,"74, 111",
68,"74, 111",
58,"74, 111",
12,"75, 40, 49",
79,"8, 24",
54,"8, 59, 47, 66, 71",
82,"80, 124",
107,"9, 14, 78",
46,"92, 56, 18, 59",
19,"99, 74, 98, 113, 119, 124",
